file,title,description,canonical,keywords,breadcrumb_title,breadcrumb_path,block_title_1,block_description_1,img_alt_1,img_alt_2,block_title_2,block_description_2,block_title_3,block_description_3,img_alt_3,block_title_4,block_description_4,img_alt_4,list_areas,img_1,img_2,img_3,img_4
2 Installation,Asphalt Driveway Installation in North Jersey | Free Estimates,Professional asphalt driveway installation for long-lasting performance and clean curb appeal. Get a free estimate today.,https://macpavingandsealcoating.com/services/asphalt-paving/installation,"asphalt driveway installation NJ, new driveway paving North Jersey, curb appeal driveway NJ, residential asphalt installation, Wayne driveway services, Clark asphalt contractor, Westwood paving company",Asphalt Driveway Installation in North Jersey,/ Services / Asphalt Paving / Installation,Asphalt Driveways That Last in North Jersey Homes,"A professionally installed asphalt driveway does more than improve how your home looks—it adds functionality, durability, and value. At MAC Paving and Sealcoating, we specialize in asphalt driveway installations tailored to residential properties across North Jersey. Whether you’re starting fresh or replacing an outdated surface, our team brings expertise, precision, and quality materials to every job.",Asphalt Driveway Installation in North Jersey | Free Estimates - Main Image - MAC Paving and Sealcoating,Asphalt Driveway Installation in North Jersey | Free Estimates - Side View - MAC Paving and Sealcoating,"Built for Performance, Backed by Local Experience","Our driveways are designed to handle New Jersey’s seasons—from freezing winters to hot summers. We combine local knowledge with industry best practices to deliver smooth, resilient surfaces that stay strong for years. Homeowners choose MAC for our reputation, transparent communication, and commitment to getting it done right the first time.",From Prep to Finish—Here’s How We Do It,"We begin every installation with detailed ground preparation, ensuring proper grading and drainage. Next comes a sturdy base layer, followed by hot mix asphalt, expertly leveled and compacted for a flawless finish. Our process is efficient, clean, and built around your schedule. We manage everything—no stress, no delays.",Asphalt Driveway Installation in North Jersey | Free Estimates - Close-Up - MAC Paving and Sealcoating,Is It Time to Upgrade? Here’s Why It Pays Off,"If your driveway is cracked, uneven, or just outdated, replacing it with asphalt is a smart upgrade. It’s more affordable than concrete, faster to install, and easier to maintain. Plus, it adds instant curb appeal. Our estimates are free, and our results speak for themselves. Invest in your home’s value with a new asphalt driveway—call today.",Asphalt Driveway Installation in North Jersey | Free Estimates - Work in Progress - MAC Paving and Sealcoating,"Clifton, Garfield, Hackensack, Belleville, Lodi, Teaneck, Union City, Montclair",/assets/imgs/service/asphalt-paving/installation-1.webp,/assets/imgs/service/asphalt-paving/installation-2.webp,/assets/imgs/service/asphalt-paving/installation-3.webp,/assets/imgs/service/asphalt-paving/installation-4.webp
3 Resurfacing,Asphalt Resurfacing Services in NJ | Restore Your Driveway Today,"Restore old asphalt with expert resurfacing that improves safety, looks, and durability. Great for residential driveways. Get a free estimate today.",https://macpavingandsealcoating.com/services/asphalt-paving/resurfacing,"asphalt resurfacing NJ, driveway resurfacing North Jersey, restore old asphalt NJ, smooth asphalt Ridgewood, Bloomfield driveway paving, Teaneck asphalt expert, residential driveway resurfacing NJ",Asphalt Resurfacing Services in North Jersey,/ Services / Asphalt Paving / Resurfacing,Give Your Driveway a Fresh Start Without Full Replacement,"Asphalt resurfacing is a cost-effective way to restore your driveway’s appearance and performance without tearing everything out. At MAC Paving and Sealcoating, we help North Jersey homeowners extend the life of their driveways with expert resurfacing that covers cracks, evens out surfaces, and adds a clean, new layer of protection—fast.",Asphalt Resurfacing Services in NJ | Restore Your Driveway Today - Main Image - MAC Paving and Sealcoating,Asphalt Resurfacing Services in NJ | Restore Your Driveway Today - Side View - MAC Paving and Sealcoating,"Smooth, Strong, and Smart for NJ Weather","Our resurfacing method gives you the look and feel of a new driveway—without the price tag of full replacement. It’s ideal for driveways with surface wear but strong foundations. We use top-grade asphalt blends built to withstand the freeze-thaw cycles of New Jersey, helping homeowners avoid costly repairs down the road.",What to Expect From Our Resurfacing Process,"We begin by cleaning and prepping the existing surface, removing debris and loose material. Then, we apply a binding tack coat followed by a fresh layer of hot asphalt, carefully leveled and compacted. The result? A sleek, even surface that enhances your property and extends driveway life—typically completed in just one day.",Asphalt Resurfacing Services in NJ | Restore Your Driveway Today - Close-Up - MAC Paving and Sealcoating,When It’s the Right Call—And Why It Saves You Money,"Resurfacing is ideal when your driveway has visible wear but no deep structural damage. It’s quicker, cleaner, and far more affordable than full replacement. You get improved curb appeal, smoother driveability, and added years of use. Contact MAC today for a free evaluation and find out if resurfacing is right for you.",Asphalt Resurfacing Services in NJ | Restore Your Driveway Today - Work in Progress - MAC Paving and Sealcoating,"West Orange, Newark, Jersey City, Bloomfield, Elmwood Park, Englewood, Hoboken, Kearny",/assets/imgs/service/asphalt-paving/resurfacing-1.webp,/assets/imgs/service/asphalt-paving/resurfacing-2.webp,/assets/imgs/service/asphalt-paving/resurfacing-3.webp,/assets/imgs/service/asphalt-paving/resurfacing-4.webp
4 Replacement,Driveway Replacement Contractors in NJ | Asphalt Experts Near You,Full asphalt replacement using premium materials to rebuild damaged driveways in New Jersey. Get a free estimate today.,https://macpavingandsealcoating.com/services/asphalt-paving/replacement,"driveway replacement NJ, asphalt replacement contractor NJ, damaged driveway paving Oradell, asphalt rebuild Westwood, premium asphalt services NJ, residential asphalt replacement, free quote paving NJ",Driveway Replacement in North Jersey,/ Services / Asphalt Paving / Replacement,Replace Your Old Driveway With One Built to Last,"When repairs and patching no longer work, a full driveway replacement is the smart move. MAC Paving and Sealcoating specializes in removing worn-out asphalt and installing fresh, durable surfaces for homeowners across North Jersey. We handle the entire process—from demo to rebuild—so you can enjoy a flawless driveway that enhances both function and curb appeal.",Driveway Replacement Contractors in NJ | Asphalt Experts Near You - Main Image - MAC Paving and Sealcoating,Driveway Replacement Contractors in NJ | Asphalt Experts Near You - Side View - MAC Paving and Sealcoating,Why Homeowners Trust MAC for Driveway Replacements,"Replacing your driveway is a big investment—our job is to make sure it pays off. With decades of experience and a focus on quality, we deliver long-lasting asphalt that holds up to New Jersey’s harsh winters and hot summers. We’re fast, reliable, and treat every home like our own.","Full Tear-Out, Full Upgrade—Done Right","We begin by removing your old surface completely and regrading the area to improve drainage and stability. Then we build a new, compacted base and apply premium hot mix asphalt for a clean, smooth finish. Every replacement is custom-tailored to your property, timeline, and budget.",Driveway Replacement Contractors in NJ | Asphalt Experts Near You - Close-Up - MAC Paving and Sealcoating,Know When It’s Time—And Get More for Your Money,"If your driveway has deep cracks, drainage issues, or major surface failure, resurfacing won’t cut it—it’s time for a full replacement. Asphalt is still more cost-effective than concrete and gives you a faster turnaround. Call now to get a free estimate and a driveway you’ll love for years.",Driveway Replacement Contractors in NJ | Asphalt Experts Near You - Work in Progress - MAC Paving and Sealcoating,"Wayne, Bloomingdale, Cedar Grove, Livingston, Denville, Morristown, Verona, Nutley",/assets/imgs/service/asphalt-paving/replacement-1.webp,/assets/imgs/service/asphalt-paving/replacement-2.webp,/assets/imgs/service/asphalt-paving/replacement-3.webp,/assets/imgs/service/asphalt-paving/replacement-4.webp
5 Extension,Driveway Extensions in North Jersey | Expand Your Parking Area,Expand your driveway with seamless asphalt extensions for more space and better access. Get a free estimate today.,https://macpavingandsealcoating.com/services/asphalt-paving/extension,"driveway extension NJ, asphalt extension North Jersey, Wallington driveway add-on, Hawthorne paving service, expand driveway NJ, parking area paving NJ, seamless driveway extension, residential asphalt extension",Driveway Extensions in North Jersey,/ Services / Asphalt Paving / Extension,Need More Parking Space? We’ll Extend Your Driveway,"Expanding your driveway is a simple way to add space, boost curb appeal, and improve convenience. At MAC Paving and Sealcoating, we offer professional driveway extension services for North Jersey homeowners who need more room for vehicles, guests, or easier maneuvering. Our team ensures the new section blends seamlessly with your existing surface.",Driveway Extensions in North Jersey | Expand Your Parking Area - Main Image - MAC Paving and Sealcoating,Driveway Extensions in North Jersey | Expand Your Parking Area - Side View - MAC Paving and Sealcoating,"More Space, Less Stress—Custom Extensions That Fit Your Life","Whether you’re tired of parking on grass or need extra room for multiple cars, a driveway extension is the practical solution. We design and install extensions that match your current asphalt, maintain proper drainage, and follow all local guidelines. Plus, our experienced team gets it done fast, with minimal disruption to your day.","Seamless Expansion, Expert Execution","We begin by marking the new layout and preparing the site for solid compaction. Then we install a matching base and pour hot mix asphalt to create a strong, uniform extension. The result? A driveway that looks great, adds space, and feels like it was always part of your home.",Driveway Extensions in North Jersey | Expand Your Parking Area - Close-Up - MAC Paving and Sealcoating,Is a Driveway Extension Right for You? Let’s Talk,"If your driveway feels cramped or you’re juggling cars on the street, it’s time to consider an extension. It’s a smart upgrade that adds value and everyday ease. Contact MAC Paving for a free estimate—we’ll evaluate your layout and recommend the best solution for your needs.",Driveway Extensions in North Jersey | Expand Your Parking Area - Work in Progress - MAC Paving and Sealcoating,"Totowa, Woodland Park, West Paterson, Fair Lawn, Bergenfield, Little Falls, Saddle Brook, Paramus",/assets/imgs/service/asphalt-paving/extension-1.webp,/assets/imgs/service/asphalt-paving/extension-2.webp,/assets/imgs/service/asphalt-paving/extension-3.webp,/assets/imgs/service/asphalt-paving/extension-4.webp
6 Sealcoating,Sealcoating Company in NJ | Extend the Life of Your Asphalt,"High-quality asphalt sealcoating to protect your driveway from water, sun, and traffic damage. Get a free estimate today.",https://macpavingandsealcoating.com/services/sealer/sealcoating,"sealcoating NJ, asphalt protection Hawthorne, driveway sealcoating Oradell, extend asphalt life NJ, pavement seal NJ, UV protection driveway NJ, water damage asphalt NJ, residential sealcoating experts",Asphalt Sealcoating in North Jersey,/ Services / Sealer / Sealcoating,Protect Your Driveway With Professional Sealcoating,"Sealcoating is one of the smartest ways to protect your asphalt from cracks, fading, and water damage. At MAC Paving and Sealcoating, we provide expert sealcoating services that shield your driveway from New Jersey’s tough weather conditions. It’s fast, affordable, and extends the life of your investment.",Sealcoating Company in NJ | Extend the Life of Your Asphalt - Main Image - MAC Paving and Sealcoating,Sealcoating Company in NJ | Extend the Life of Your Asphalt - Side View - MAC Paving and Sealcoating,More Than Just a Coating—It’s Long-Term Protection,"Think of sealcoating as sunscreen for your asphalt. It blocks UV rays, repels moisture, and reduces surface wear. Our premium-grade sealer creates a smooth, jet-black finish that looks great and prevents early deterioration. Homeowners across North Jersey trust MAC for quality, value, and long-lasting results.",Our Proven Sealcoating Process,"We start by thoroughly cleaning your asphalt, removing all dirt and debris. Then we apply a thick, even layer of commercial-grade sealer, ensuring full coverage and clean edges. The surface is left to cure, leaving behind a dark, uniform finish that refreshes your driveway and improves its durability.",Sealcoating Company in NJ | Extend the Life of Your Asphalt - Close-Up - MAC Paving and Sealcoating,When to Sealcoat—and Why It Pays Off,"If your asphalt looks dry, gray, or has minor cracks, it’s time for a sealcoat. We recommend resealing every 2–3 years to keep your driveway in peak condition. It’s far cheaper than resurfacing or replacing, and the visual upgrade is immediate. Get a free quote today and protect your asphalt the smart way.",Sealcoating Company in NJ | Extend the Life of Your Asphalt - Work in Progress - MAC Paving and Sealcoating,"Oradell, Haledon, Ridgewood, Glen Ridge, Roseland, Rutherford, North Haledon, Montville",/assets/imgs/service/sealer/sealcoating-1.webp,/assets/imgs/service/sealer/sealcoating-2.webp,/assets/imgs/service/sealer/sealcoating-3.webp,/assets/imgs/service/sealer/sealcoating-4.webp
7 Crack Filling,Crack Filling Services in NJ | Repair Asphalt in Clifton & Nearby,Prevent costly driveway repairs with professional crack filling that stops water and structural damage early. Get a free estimate today.,https://macpavingandsealcoating.com/services/sealer/crack-filling,"crack filling NJ, asphalt crack repair Clifton, driveway crack sealing Bloomfield, Westwood crack filler service, asphalt crack solutions NJ, stop asphalt cracks, affordable crack repairs NJ",Asphalt Crack Filling in North Jersey,/ Services / Sealer / Crack Filling,Stop Cracks Before They Spread,"Cracks in your asphalt are more than just cosmetic—they’re the first step toward serious damage. At MAC Paving and Sealcoating, we offer fast and reliable crack filling services to help homeowners in Clifton and surrounding North Jersey areas protect their driveways before problems grow. We seal the gaps, preserve the surface, and extend its life.",Crack Filling Services in NJ | Repair Asphalt in Clifton & Nearby - Main Image - MAC Paving and Sealcoating,Crack Filling Services in NJ | Repair Asphalt in Clifton & Nearby - Side View - MAC Paving and Sealcoating,Why Early Crack Repair Matters,"Left untreated, small cracks let water seep in, causing asphalt to break down from the inside. Our expert team uses high-quality rubberized crack filler that flexes with temperature changes and prevents further damage. It’s a smart, affordable fix that helps you avoid expensive repairs later.",Our Step-by-Step Crack Filling Process,"We begin by clearing loose debris and vegetation from the cracks. Then we heat and apply a hot rubberized filler that bonds to the asphalt and hardens into a flexible, waterproof seal. The process is fast, clean, and traffic-ready within hours.",Crack Filling Services in NJ | Repair Asphalt in Clifton & Nearby - Close-Up - MAC Paving and Sealcoating,When Should You Seal Cracks?,"If you see visible cracking, don’t wait—early repair is key. Crack filling is ideal for driveways that are structurally sound but starting to show wear. It’s a low-cost service with big benefits. Get in touch with MAC Paving today for a free quote and expert evaluation.",Crack Filling Services in NJ | Repair Asphalt in Clifton & Nearby - Work in Progress - MAC Paving and Sealcoating,"Lodi, East Orange, East Hanover, Florham Park, Boonton, Mountain Lakes, Caldwell, Lyndhurst",/assets/imgs/service/sealer/crack-filling-1.webp,/assets/imgs/service/sealer/crack-filling-2.webp,/assets/imgs/service/sealer/crack-filling-3.webp,/assets/imgs/service/sealer/crack-filling-4.webp
8 Line Striping,Parking Lot Line Striping in NJ | ADA Compliance & Clean Markings,"Clear, durable striping for residential driveways and private lanes. Get a free estimate today.",https://macpavingandsealcoating.com/services/sealer/line-striping,"line striping NJ, driveway line painting Wallington, residential parking stripes NJ, Garfield striping service, Lodi driveway lines, clean line markings NJ, ADA driveway marking, sharp driveway striping",Line Striping Services in North Jersey,/ Services / Sealer / Line Striping,Restore Order and Safety With Precision Striping,"Line striping plays a crucial role in driveway clarity and vehicle organization—especially for multi-lane residential setups or extended private properties. At MAC Paving and Sealcoating, we offer professional line striping services for homeowners in North Jersey looking to refresh worn-out markings, add ADA-compliant features, or simply enhance the look and functionality of their paved areas.",Parking Lot Line Striping in NJ | ADA Compliance & Clean Markings - Main Image - MAC Paving and Sealcoating,Parking Lot Line Striping in NJ | ADA Compliance & Clean Markings - Side View - MAC Paving and Sealcoating,"Clean, Compliant, and Built to Last","Our striping services aren’t just about straight lines—they’re about creating clearly marked, safe, and visually appealing spaces that meet current guidelines. We use high-durability traffic paint and the latest equipment to ensure markings stay sharp despite weather and wear.","Our Striping Method, Start to Finish","We begin by prepping the surface to remove dirt, oil, and debris that could interfere with paint adhesion. Using precise layouts and professional striping machines, we then apply high-visibility paint designed for longevity and clarity. Every project ends with a thorough check to ensure accuracy and consistency.",Parking Lot Line Striping in NJ | ADA Compliance & Clean Markings - Close-Up - MAC Paving and Sealcoating,When Line Striping Makes Sense—and Why You Shouldn’t Wait,"If your existing driveway stripes are fading, misaligned, or non-existent, it may be time for a refresh. Clear markings improve safety, direct traffic, and add a polished look to your property—especially if multiple vehicles use the space. Contact MAC Paving today to schedule your residential striping service.",Parking Lot Line Striping in NJ | ADA Compliance & Clean Markings - Work in Progress - MAC Paving and Sealcoating,"Newark, Jersey City, Kearny, Secaucus, Hackensack, Union City, Hoboken, Teaneck",/assets/imgs/service/sealer/line-striping-1.webp,/assets/imgs/service/sealer/line-striping-2.webp,/assets/imgs/service/sealer/line-striping-3.webp,/assets/imgs/service/sealer/line-striping-4.webp
9 Pavers Installation,"Paver Installation Contractors in NJ | Montclair, Wayne, Lodi","Paver installation for patios, walkways, and driveways. Upgrade outdoor living with elegant hardscaping. Get a free estimate today.",https://macpavingandsealcoating.com/services/pavers/installation,"paver installation NJ, Montclair paver contractors, Wayne patio installation, Lodi driveway pavers, hardscape installation NJ, elegant paver designs, Oradell outdoor paving, custom paver estimates NJ",Paver Installation in North Jersey,/ Services / Masonry / Pavers Installation,"Beautiful, Lasting Pavers for Driveways, Walkways & Patios","Pavers offer a timeless and elegant solution for homeowners who want more than just plain concrete or asphalt. At MAC Paving and Sealcoating, we specialize in residential paver installations that bring beauty, function, and long-term value to properties across Montclair, Wayne, Lodi, and nearby towns.","Paver Installation Contractors in NJ | Montclair, Wayne, Lodi - Main Image - MAC Paving and Sealcoating","Paver Installation Contractors in NJ | Montclair, Wayne, Lodi - Side View - MAC Paving and Sealcoating",Why Homeowners in NJ Choose Pavers,"Pavers are durable, slip-resistant, and visually striking. They resist cracking, can handle seasonal expansion, and offer superior drainage compared to solid slabs. Beyond practicality, pavers boost curb appeal and instantly elevate the aesthetic of any outdoor space.",A Fully Managed Installation Process With Zero Guesswork,"From the initial layout to final cleanup, we guide you through every step. We start by excavating the area, adding a compacted base, and carefully setting each paver in place. Then we apply joint sand and sealer for added durability and a finished look.","Paver Installation Contractors in NJ | Montclair, Wayne, Lodi - Close-Up - MAC Paving and Sealcoating",Perfect for Homeowners Seeking Style and Low Maintenance,"Whether you’re replacing an old surface or starting from scratch, pavers are a smart investment for any residential upgrade. They’re low-maintenance, easily repairable, and available in a wide range of colors and patterns. Reach out today for a free consultation.","Paver Installation Contractors in NJ | Montclair, Wayne, Lodi - Work in Progress - MAC Paving and Sealcoating","Montclair, Verona, Glen Ridge, Cedar Grove, West Caldwell, Belleville, West Orange, Roseland",/assets/imgs/service/masonry/pavers-installation-1.webp,/assets/imgs/service/masonry/pavers-installation-2.webp,/assets/imgs/service/masonry/pavers-installation-3.webp,/assets/imgs/service/masonry/pavers-installation-4.webp
10 Paver Maintenance,Paver Maintenance & Cleaning Services in NJ | Bergen County Area,"Protect your paver investment with expert maintenance, sealing, and repairs to keep everything looking new. Get a free estimate today.",https://macpavingandsealcoating.com/services/pavers/maintenance,"paver maintenance NJ, paver cleaning Bergen County, Glen Ridge paver repair, Ridgewood outdoor paver upkeep, sealing pavers NJ, restore outdoor pavers, paver reset NJ",Paver Maintenance and Cleaning in North Jersey,/ Services / Masonry / Paver Maintenance,Keep Your Pavers Looking Like New,"Even the most durable pavers lose their charm over time if not properly maintained. Dirt, weeds, stains, and shifting joints can make your driveway, patio, or walkway look worn and neglected. At MAC Paving and Sealcoating, we provide complete residential paver maintenance and cleaning services throughout Bergen County.",Paver Maintenance & Cleaning Services in NJ | Bergen County Area - Main Image - MAC Paving and Sealcoating,Paver Maintenance & Cleaning Services in NJ | Bergen County Area - Side View - MAC Paving and Sealcoating,"Restore Beauty, Prevent Bigger Problems","Neglecting your pavers can lead to erosion, loose stones, and long-term damage. Our maintenance services protect your investment and save you money in the long run. We remove weeds, relevel uneven areas, clean grime and mold, and reapply joint sand and sealer.",How We Maintain and Revive Residential Pavers,"We begin by assessing the condition of your pavers and identifying problem spots. We then use pressure washing and surface-safe cleaners to lift stains and remove buildup. Next, we reset any displaced units and refill gaps with polymeric sand, then seal the surface.",Paver Maintenance & Cleaning Services in NJ | Bergen County Area - Close-Up - MAC Paving and Sealcoating,When to Schedule Maintenance—and Why It Matters,"If your pavers are looking dull, feel uneven underfoot, or have gaps and weeds, it’s time to act. Routine maintenance not only improves appearance—it extends the life of your surface and prevents costly repairs. Request your free estimate today.",Paver Maintenance & Cleaning Services in NJ | Bergen County Area - Work in Progress - MAC Paving and Sealcoating,"Wayne, Clifton, Woodland Park, Totowa, Bloomingdale, Pompton Lakes, Caldwell, North Caldwell",/assets/imgs/service/masonry/pavers-maintenance-1.webp,/assets/imgs/service/masonry/pavers-maintenance-2.webp,/assets/imgs/service/masonry/pavers-maintenance-3.webp,/assets/imgs/service/masonry/pavers-maintenance-4.webp
11 Belgium blocks,Belgium Block Installation in NJ | Decorative Stone Borders,Add a classic touch to your landscape with premium Belgium block installations for edging and accents. Get a free estimate today.,https://macpavingandsealcoating.com/services/pavers/belgium-blocks,"belgium block installation NJ, decorative stone edging NJ, Westwood landscape border, Wayne Belgium blocks, stylish driveway edging NJ, classic stone accents NJ, premium paver edging",Belgium Block Installation in North Jersey,/ Services / Masonry / Belgium blocks,Elegant Stone Borders That Define Your Driveway,"Belgium blocks are a timeless way to frame and elevate your outdoor space. These natural granite stones create clean, durable edges that prevent asphalt from crumbling while adding a sophisticated finish to driveways, walkways, and planting beds.",Belgium Block Installation in NJ | Decorative Stone Borders - Main Image - MAC Paving and Sealcoating,Belgium Block Installation in NJ | Decorative Stone Borders - Side View - MAC Paving and Sealcoating,Built to Withstand the Elements—and Turn Heads,"Belgium blocks are not only decorative, they’re exceptionally strong. Unlike concrete borders, they resist cracking, frost, and salt damage. Our expert installers align and secure each block for maximum stability and structure preservation year-round.",Installed With Precision and Craftsmanship,"We begin every Belgium block project by outlining the area, excavating a trench, and setting a concrete base. Each stone is hand-set in a straight, curved, or decorative layout, then reinforced with mortar and backfill for a polished look and lasting performance.",Belgium Block Installation in NJ | Decorative Stone Borders - Close-Up - MAC Paving and Sealcoating,A Smart Upgrade With Lasting Value,"If your driveway edges are starting to break down or you want to define flower beds or patios, Belgium blocks are an ideal solution. They provide structure, elegance, and value. Contact MAC today to schedule a free consultation.",Belgium Block Installation in NJ | Decorative Stone Borders - Work in Progress - MAC Paving and Sealcoating,"Rutherford, Fort Lee, Englewood, Bergenfield, New Milford, Paramus, Saddle Brook, Ridgewood",/assets/imgs/service/masonry/belgium-blocks-1.webp,/assets/imgs/service/masonry/belgium-blocks-2.webp,/assets/imgs/service/masonry/belgium-blocks-3.webp,/assets/imgs/service/masonry/belgium-blocks-4.webp
12 Walkways,Concrete Walkways in NJ | Installed by Local Experts,"Safe, attractive concrete walkway installation for residential properties. Get a free estimate today.",https://macpavingandsealcoating.com/services/concrete/walkways,"concrete walkways NJ, residential walkway installation, South Orange walkway concrete, Clark walkway builder, safe concrete walkways NJ, long-lasting concrete path, custom concrete walkway NJ",Concrete Walkways in North Jersey,/ Services / Concrete / Walkways,Durable Concrete Walkways That Complement Your Home,"Concrete walkways do more than guide foot traffic—they connect the different parts of your home’s exterior with structure, safety, and style. At MAC Paving and Sealcoating, we install custom concrete walkways that blend seamlessly into your landscape and elevate your property’s curb appeal.",Concrete Walkways in NJ | Installed by Local Experts - Main Image - MAC Paving and Sealcoating,Concrete Walkways in NJ | Installed by Local Experts - Side View - MAC Paving and Sealcoating,"Built for Foot Traffic, Weather, and Everyday Use","Our concrete walkways are reinforced to withstand New Jersey’s changing seasons and daily wear. We use high-strength concrete, proper joint spacing, and professional finishing techniques to ensure durability, accessibility, and long-term value.",The Installation Process—From Planning to Pour,"We assess your layout, excavate, prepare the base, and handle formwork and pouring. We finish with your choice of surface texture and ensure proper curing. The result: a walkway done right from start to finish.",Concrete Walkways in NJ | Installed by Local Experts - Close-Up - MAC Paving and Sealcoating,A Worthwhile Upgrade for Any Residential Property,"If your paths are cracked or outdated, a new concrete walkway adds structure, mobility, and visual appeal. MAC Paving delivers walkways that are both practical and beautiful. Get a free estimate today.",Concrete Walkways in NJ | Installed by Local Experts - Work in Progress - MAC Paving and Sealcoating,"Lodi, Elmwood Park, Hackensack, Bloomfield, Belleville, Nutley, Teaneck, Garfield",/assets/imgs/service/concrete/walkways-1.webp,/assets/imgs/service/concrete/walkways-2.webp,/assets/imgs/service/concrete/walkways-3.webp,/assets/imgs/service/concrete/walkways-4.webp
13 Sidewalks,"Sidewalk Installation & Repair in NJ | Clifton, Teaneck, Bloomfield","Concrete sidewalks built to code for safety, accessibility, and long-term durability in your home. Get a free estimate today.",https://macpavingandsealcoating.com/services/concrete/sidewalks,"concrete sidewalk repair NJ, sidewalk installation Clifton, Teaneck concrete sidewalks, Bloomfield walkway contractor, Oradell sidewalk paving, Hackensack concrete paths, safe residential sidewalks NJ",Sidewalk Installation and Repair in North Jersey,/ Services / Concrete / Sidewalks,"Safe, Smooth Sidewalks That Enhance Your Property","A well-built sidewalk improves not only safety but also the look of your home. MAC Paving and Sealcoating installs and repairs sidewalks in Clifton, Teaneck, Bloomfield, and beyond—delivering smooth, durable, code-compliant paths.","Sidewalk Installation & Repair in NJ | Clifton, Teaneck, Bloomfield - Main Image - MAC Paving and Sealcoating","Sidewalk Installation & Repair in NJ | Clifton, Teaneck, Bloomfield - Side View - MAC Paving and Sealcoating","Built to Handle Foot Traffic, Weather, and Wear","We use reinforced concrete, proper grading, and expansion joints to prevent cracking and shifting. Our sidewalks stay level, drain properly, and look great year-round—no shortcuts, no trip hazards.",What to Expect From Our Sidewalk Process,"We assess the site, remove damaged concrete, compact the base, and set forms for precise pouring. We match repairs and finish with care. Your sidewalk is ready for foot traffic in no time.","Sidewalk Installation & Repair in NJ | Clifton, Teaneck, Bloomfield - Close-Up - MAC Paving and Sealcoating",Know When It’s Time—and Why It Pays to Act Early,"Cracked or uneven sidewalks are safety issues. Whether planning ahead or responding to a township notice, act early. MAC Paving provides estimates and lasting solutions.","Sidewalk Installation & Repair in NJ | Clifton, Teaneck, Bloomfield - Work in Progress - MAC Paving and Sealcoating","Newark, Orange, South Orange, East Orange, Jersey City, Kearny, Hoboken, Union City",/assets/imgs/service/concrete/sidewalks-1.webp,/assets/imgs/service/concrete/sidewalks-2.webp,/assets/imgs/service/concrete/sidewalks-3.webp,/assets/imgs/service/concrete/sidewalks-4.webp
14 Curbs,Concrete Curbs in NJ | New Installations & Repairs,"Durable curbs that protect landscaping, define driveway edges, and improve property layout. Get a free estimate today.",https://macpavingandsealcoating.com/services/concrete/curbs,"concrete curbs NJ, curb installation Montville, Wallington curb repair, driveway edge concrete NJ, landscape curb protection, NJ concrete curb contractor, residential curb solutions",Concrete Curbs in North Jersey,/ Services / Concrete / Curbs,Concrete Curbs That Frame and Protect Your Property,"Concrete curbs define edges, control runoff, and protect pavement. MAC Paving installs and repairs residential curbs across North Jersey with alignment, strength, and care.",Concrete Curbs in NJ | New Installations & Repairs - Main Image - MAC Paving and Sealcoating,Concrete Curbs in NJ | New Installations & Repairs - Side View - MAC Paving and Sealcoating,"Why Homeowners Need Strong, Functional Curbs","Cracked or sunken curbs lead to erosion and damage. We use reinforced concrete and precise forms to create clean, effective curbs that resist weather and keep your landscape in place.",Our Curb Installation and Repair Process,"We excavate a trench, pour a solid base, and shape each curb for optimal function. Repairs blend with your existing layout. Every job is finished with proper joints and drainage management.",Concrete Curbs in NJ | New Installations & Repairs - Close-Up - MAC Paving and Sealcoating,When to Replace or Repair Your Curbs,"If your curbs are crumbling or missing, it’s time to upgrade. New curbs boost function and appearance while preventing bigger issues. Contact MAC for a free curb consultation today.",Concrete Curbs in NJ | New Installations & Repairs - Work in Progress - MAC Paving and Sealcoating,"Montville, East Hanover, Parsippany, Denville, Boonton, Morristown, Florham Park, Caldwell",/assets/imgs/service/concrete/curbs-1.webp,/assets/imgs/service/concrete/curbs-2.webp,/assets/imgs/service/concrete/curbs-3.webp,/assets/imgs/service/concrete/curbs-4.webp
15 Aprons,Driveway Aprons in Northern NJ | Smooth & Durable Transitions,Seamless driveway apron installation to connect your driveway and street smoothly and attractively. Get a free estimate today.,https://macpavingandsealcoating.com/services/concrete/aprons,"driveway aprons NJ, concrete apron installation North Jersey, smooth driveway transitions, Union City driveway apron, Hawthorne concrete entrance, durable concrete aprons, residential apron experts NJ",Driveway Aprons in North Jersey,/ Services / Concrete / Aprons,Seamless Transitions That Protect and Enhance Your Driveway,"Driveway aprons connect your private drive to the public street. At MAC Paving, we install and repair aprons across North Jersey to ensure smooth, strong, and code-compliant transitions.",Driveway Aprons in Northern NJ | Smooth & Durable Transitions - Main Image - MAC Paving and Sealcoating,Driveway Aprons in Northern NJ | Smooth & Durable Transitions - Side View - MAC Paving and Sealcoating,"Built for Strength, Slope, and Everyday Use","Aprons take heavy wear from vehicles and weather. We use reinforced concrete or asphalt, built for proper slope and resilience. Our aprons align perfectly with street edges and township specs.",Our Apron Installation Process,"We remove the old section, prep the base, and pour new asphalt or concrete. Edges are shaped and finished for strength and appearance. Every apron is installed with lasting performance in mind.",Driveway Aprons in Northern NJ | Smooth & Durable Transitions - Close-Up - MAC Paving and Sealcoating,Know When It’s Time to Replace or Upgrade,"If your apron is crumbling or misaligned, it’s time to act. A new apron improves access, drainage, and property value. Contact MAC Paving today for a free evaluation.",Driveway Aprons in Northern NJ | Smooth & Durable Transitions - Work in Progress - MAC Paving and Sealcoating,"Clifton, Little Falls, Woodland Park, West Paterson, Haledon, Totowa, Wayne, North Haledon",/assets/imgs/service/concrete/aprons-1.webp,/assets/imgs/service/concrete/aprons-2.webp,/assets/imgs/service/concrete/aprons-3.webp,/assets/imgs/service/concrete/aprons-4.webp
16 Sod Installation,Sod Installation in NJ | Fresh Green Lawns in Days,"Fast, professional sod installation for healthy, green lawns with instant curb appeal. Get a free estimate today.",https://macpavingandsealcoating.com/services/landscaping/sod-installation,"sod installation NJ, instant green lawn NJ, Oradell sod experts, Clifton lawn services, West Paterson sod install, fresh turf NJ, curb appeal lawn NJ",Sod Installation in North Jersey,/ Services / Landscaping / Sod Installation,"Get a Lush, Green Lawn Without the Wait","Sod installation is the fastest way to enjoy a full, healthy lawn—without waiting weeks for seed to grow. MAC Paving provides instant, vibrant sod for New Jersey homes.",Sod Installation in NJ | Fresh Green Lawns in Days - Main Image - MAC Paving and Sealcoating,Sod Installation in NJ | Fresh Green Lawns in Days - Side View - MAC Paving and Sealcoating,Why Sod Is the Smart Choice for Your Home,"Sod offers dense, weed-resistant coverage from day one. It's perfect for quick curb appeal, outdoor play, and full-yard transformations. We use local sod built for NJ conditions.",Our Step-by-Step Sod Installation Process,"We remove old grass and debris, grade the soil, then install fresh sod with tight seams. We finish with watering and care tips to ensure fast rooting and long-term success.",Sod Installation in NJ | Fresh Green Lawns in Days - Close-Up - MAC Paving and Sealcoating,When to Install Sod—and How It Pays Off,"Patchy lawn? New build? Need curb appeal fast? Sod is ideal. It saves time, prevents erosion, and delivers instant green. Call MAC for a quote and fast installation.",Sod Installation in NJ | Fresh Green Lawns in Days - Work in Progress - MAC Paving and Sealcoating,"Livingston, Roseland, Florham Park, Caldwell, Cedar Grove, Montclair, West Orange, Verona",/assets/imgs/service/landscaping/sod-installation-1.webp,/assets/imgs/service/landscaping/sod-installation-2.webp,/assets/imgs/service/landscaping/sod-installation-3.webp,/assets/imgs/service/landscaping/sod-installation-4.webp
17 Top Soil,Topsoil Delivery & Lawn Grading in NJ | Ready for Planting,"Enrich your garden or yard with nutrient-rich topsoil, delivered and spread on site. Get a free estimate today.",https://macpavingandsealcoating.com/services/landscaping/top-soil,"topsoil delivery NJ, nutrient-rich top soil Essex, lawn grading Passaic, garden soil Wallington, landscaping soil NJ, planting-ready topsoil, Essex yard soil",Topsoil Delivery and Lawn Grading in North Jersey,/ Services / Landscaping / Top Soil,"Level, Nutrient-Rich Ground for a Healthier Lawn","Topsoil and grading provide the right base for sod, seed, or planting. MAC Paving delivers nutrient-rich soil and expert lawn leveling for North Jersey homeowners.",Topsoil Delivery & Lawn Grading in NJ | Ready for Planting - Main Image - MAC Paving and Sealcoating,Topsoil Delivery & Lawn Grading in NJ | Ready for Planting - Side View - MAC Paving and Sealcoating,A Strong Start for Every Outdoor Project,"Proper soil and grading prevent water issues, erosion, and growth failure. Our topsoil is screened and shaped for ideal drainage and planting success.",Our Grading and Topsoil Installation Process,"We clear the site, regrade slopes, and spread topsoil evenly for a smooth planting surface. It’s ready for sod, seed, or garden use immediately.",Topsoil Delivery & Lawn Grading in NJ | Ready for Planting - Close-Up - MAC Paving and Sealcoating,When to Order Topsoil—and What It Can Improve,"If your lawn is bumpy, bare, or won’t grow, topsoil might be the fix. Great for pre-sod, replanting, or restoring lawn health. Get a free quote today.",Topsoil Delivery & Lawn Grading in NJ | Ready for Planting - Work in Progress - MAC Paving and Sealcoating,"Pompton Lakes, Wanaque, Ringwood, Wayne, Bloomingdale, Boonton, Mountain Lakes, Denville",/assets/imgs/service/landscaping/top-soil-1.webp,/assets/imgs/service/landscaping/top-soil-2.webp,/assets/imgs/service/landscaping/top-soil-3.webp,/assets/imgs/service/landscaping/top-soil-4.webp
18 Drainage,Drainage Systems in NJ | Protect Your Property from Water Damage,Drainage solutions that protect your home from water damage and flooding with custom planning. Get a free estimate today.,https://macpavingandsealcoating.com/services/landscaping/drainage,"drainage systems NJ, flood prevention Ridgewood, custom drainage Florham Park, water damage solutions NJ, home drainage experts, yard flooding protection NJ, North Jersey drainage contractor",Drainage System Installation in North Jersey,/ Services / Landscaping / Drainage,Residential Drainage Solutions That Work,Pooling water and erosion can destroy your property. MAC Paving installs custom drainage systems to redirect water safely and protect your home.,Drainage Systems in NJ | Protect Your Property from Water Damage - Main Image - MAC Paving and Sealcoating,Drainage Systems in NJ | Protect Your Property from Water Damage - Side View - MAC Paving and Sealcoating,"Stop Flooding, Erosion, and Lawn Damage","We use French drains, grading corrections, and catch basins to guide water away. Our solutions prevent mold, preserve lawn health, and protect your foundation.",Our Drainage Installation Process,"We assess your yard and install piping, basins, or trenches as needed—always hidden, effective, and safe. Every job is customized and code-compliant.",Drainage Systems in NJ | Protect Your Property from Water Damage - Close-Up - MAC Paving and Sealcoating,When to Install Drainage—and Why It Pays Off,"If you have soggy spots, water near your foundation, or recurring erosion—act now. Drainage protects your whole home. Contact MAC for a free drainage evaluation.",Drainage Systems in NJ | Protect Your Property from Water Damage - Work in Progress - MAC Paving and Sealcoating,"Montville, Parsippany, East Hanover, Morristown, Cedar Grove, Verona, Caldwell, West Caldwell",/assets/imgs/service/landscaping/drainage-1.webp,/assets/imgs/service/landscaping/drainage-2.webp,/assets/imgs/service/landscaping/drainage-3.webp,/assets/imgs/service/landscaping/drainage-4.webp
19 Power Wash,"Power Washing in NJ | Clean Driveways, Pavers & Sidewalks","Restore exterior surfaces with deep-clean power washing that removes dirt, stains, and buildup. Get a free estimate today.",https://macpavingandsealcoating.com/services/landscaping/power-wash,"power washing NJ, driveway cleaning Clark, patio pressure washing Fort Lee, sidewalk wash West Orange, exterior cleaning NJ, dirt and stain removal, fast power wash service NJ",Power Washing Services in North Jersey,/ Services / Landscaping / Power Wash,Bring Back the Clean Look of Your Outdoor Surfaces,"MAC Paving offers residential power washing for driveways, pavers, patios, and sidewalks—removing dirt, stains, and buildup for a fresh, clean finish.","Power Washing in NJ | Clean Driveways, Pavers & Sidewalks - Main Image - MAC Paving and Sealcoating","Power Washing in NJ | Clean Driveways, Pavers & Sidewalks - Side View - MAC Paving and Sealcoating","Safe, Effective Cleaning for Your Home’s Hardscapes","We remove grime, mold, and oil without damaging surfaces. It’s ideal for maintaining your investment or prepping for sealing and repairs.",Our Power Washing Process for Residential Properties,"We assess surface needs, pre-treat tough stains, and wash with commercial-grade gear. The result is a dramatic visual improvement in just hours.","Power Washing in NJ | Clean Driveways, Pavers & Sidewalks - Close-Up - MAC Paving and Sealcoating",When Power Washing Makes Sense—and Why It Works,"Dirty, dull, or slippery driveway or patio? Power washing restores curb appeal fast. It’s affordable, safe, and highly effective. Request your quote today.","Power Washing in NJ | Clean Driveways, Pavers & Sidewalks - Work in Progress - MAC Paving and Sealcoating","Hackensack, Belleville, Teaneck, Lodi, Clifton, Nutley, West Orange, Bloomfield",/assets/imgs/service/landscaping/power-wash-1.webp,/assets/imgs/service/landscaping/power-wash-2.webp,/assets/imgs/service/landscaping/power-wash-3.webp,/assets/imgs/service/landscaping/power-wash-4.webp
20 Hauling,"Hauling Services in NJ | Asphalt, Debris & Junk Removal","Debris and material hauling for landscaping or home cleanup projects. Fast, reliable service. Get a free estimate today.",https://macpavingandsealcoating.com/services/landscaping/hauling,"hauling services NJ, debris removal Newark, asphalt hauling Lyndhurst, junk hauling Secaucus, home cleanup hauling NJ, reliable hauling services, material transport NJ, residential hauling company",Hauling and Debris Removal in North Jersey,/ Services / Landscaping / Hauling,Cleanouts Made Easy for Your Home Projects,"MAC Paving provides hauling for asphalt, debris, and yard waste. After paving, landscaping, or home improvement projects, we clear the space fast.","Hauling Services in NJ | Asphalt, Debris & Junk Removal - Main Image - MAC Paving and Sealcoating","Hauling Services in NJ | Asphalt, Debris & Junk Removal - Side View - MAC Paving and Sealcoating",Clear the Space Without Lifting a Finger,Debris piles create hazards and clutter. We handle heavy lifting and proper disposal—leaving your property clean and safe.,How Our Residential Hauling Works,"We assess your materials, dispatch a truck, and load everything carefully. Recyclables are sorted and all debris is disposed of responsibly.","Hauling Services in NJ | Asphalt, Debris & Junk Removal - Close-Up - MAC Paving and Sealcoating",When to Schedule Hauling—and What It Covers,Just finished paving or cleanup? Hauling is the final step. Also great for prep before installs. Call MAC for removal done right—no mess left behind.,"Hauling Services in NJ | Asphalt, Debris & Junk Removal - Work in Progress - MAC Paving and Sealcoating","Jersey City, Kearny, Newark, Secaucus, Hoboken, Union City, East Orange, Garfield",/assets/imgs/service/landscaping/hauling-1.webp,/assets/imgs/service/landscaping/hauling-2.webp,/assets/imgs/service/landscaping/hauling-3.webp,/assets/imgs/service/landscaping/hauling-4.webp
